Date,INR,Oil
2020-01-02,71.0250015258789,66.25
2020-01-03,71.41500091552734,68.5999984741211
2020-01-06,71.73100280761719,68.91000366210938
2020-01-07,71.78700256347656,68.2699966430664
2020-01-08,72.16000366210938,65.44000244140625
2020-01-09,71.41190338134766,65.37000274658203
2020-01-10,71.19429779052734,64.9800033569336
2020-01-13,70.9530029296875,64.19999694824219
2020-01-14,70.71890258789062,64.48999786376953
2020-01-15,70.84510040283203,64.0
2020-01-16,70.71800231933594,64.62000274658203
2020-01-17,70.94560241699219,64.8499984741211
2020-01-21,71.03099822998047,64.58999633789062
2020-01-22,71.16999816894531,63.209999084472656
2020-01-23,71.0781021118164,62.040000915527344
2020-01-24,71.32099914550781,60.68999862670898
2020-01-27,71.32499694824219,59.31999969482422
2020-01-28,71.44000244140625,59.5099983215332
2020-01-29,71.23040008544922,59.810001373291016
2020-01-30,71.30000305175781,58.290000915527344
2020-01-31,71.63999938964844,58.15999984741211
2020-02-03,71.49649810791016,54.45000076293945
2020-02-04,71.31410217285156,53.959999084472656
2020-02-05,71.0999984741211,55.27999877929688
2020-02-06,71.18000030517578,54.93000030517578
2020-02-07,71.47000122070312,54.470001220703125
2020-02-10,71.5155029296875,53.27000045776367
2020-02-11,71.27999877929688,54.0099983215332
2020-02-12,71.27529907226562,55.790000915527344
2020-02-13,71.29620361328125,56.34000015258789
2020-02-14,71.26850128173828,57.31999969482422
2020-02-18,71.34919738769531,57.75
2020-02-19,71.57499694824219,59.119998931884766
2020-02-20,71.82749938964844,59.310001373291016
2020-02-21,72.11000061035156,58.5
2020-02-24,71.88680267333984,56.29999923706055
2020-02-25,72.04669952392578,54.95000076293945
2020-02-26,71.87000274658203,53.43000030517578
2020-02-27,71.66339874267578,52.18000030517578
2020-02-28,71.93000030517578,50.52000045776367
2020-03-02,72.1500015258789,51.900001525878906
2020-03-03,72.82499694824219,51.86000061035156
2020-03-04,73.34200286865234,51.130001068115234
2020-03-05,74.0425033569336,49.9900016784668
2020-03-06,73.8551025390625,45.27000045776367
2020-03-09,73.99530029296875,34.36000061035156
2020-03-10,74.40599822998047,37.220001220703125
2020-03-11,74.20500183105469,35.790000915527344
2020-03-12,74.76000213623047,33.220001220703125
2020-03-13,75.30000305175781,33.849998474121094
2020-03-16,73.90399932861328,30.049999237060547
2020-03-17,75.15499877929688,28.729999542236328
2020-03-18,74.01239776611328,24.8799991607666
2020-03-19,74.98200225830078,28.46999931335449
2020-03-20,75.15969848632812,26.979999542236328
2020-03-23,75.62210083007812,27.030000686645508
2020-03-24,76.50599670410156,27.149999618530277
2020-03-25,77.26000213623047,27.38999938964844
2020-03-26,75.84549713134766,26.34000015258789
2020-03-27,74.72560119628906,24.93000030517578
2020-03-30,75.46499633789062,22.76000022888184
2020-03-31,75.4000015258789,22.739999771118164
2020-04-01,75.32499694824219,24.739999771118164
2020-04-02,77.56999969482422,29.940000534057617
2020-04-03,77.13999938964844,34.11000061035156
2020-04-06,76.2300033569336,33.04999923706055
2020-04-07,75.96489715576172,31.8700008392334
2020-04-08,76.66000366210938,32.84000015258789
2020-04-09,75.95899963378906,31.479999542236328
2020-04-13,76.16649627685547,31.739999771118164
2020-04-14,76.91000366210938,29.600000381469727
2020-04-15,75.93099975585938,27.690000534057617
2020-04-16,77.2125015258789,27.81999969482422
2020-04-17,77.56999969482422,28.07999992370605
2020-04-20,76.55999755859375,25.56999969482422
2020-04-21,77.20999908447266,19.32999992370605
2020-04-22,76.96939849853516,20.3700008392334
2020-04-23,76.4000015258789,21.32999992370605
2020-04-24,76.42250061035156,21.440000534057617
2020-04-27,76.27149963378906,19.989999771118164
2020-04-28,76.1863021850586,20.459999084472656
2020-04-29,76.46499633789062,22.540000915527344
2020-04-30,75.25849914550781,25.270000457763672
2020-05-01,75.72000122070312,26.440000534057617
2020-05-04,75.60050201416016,27.200000762939453
2020-05-05,75.8499984741211,30.96999931335449
2020-05-06,76.16999816894531,29.71999931335449
2020-05-07,76.15129852294922,29.459999084472656
2020-05-08,76.08000183105469,30.96999931335449
2020-05-11,75.5250015258789,29.6299991607666
2020-05-12,76.30999755859375,29.979999542236328
2020-05-13,75.68000030517578,29.190000534057617
2020-05-14,75.42620086669922,31.1299991607666
2020-05-15,75.48500061035156,32.5
2020-05-18,75.81999969482422,34.810001373291016
2020-05-19,75.60009765625,34.650001525878906
2020-05-20,76.0,35.75
2020-05-21,75.77999877929688,36.060001373291016
2020-05-22,75.625,35.130001068115234
2020-05-26,76.11000061035156,36.16999816894531
2020-05-27,75.81999969482422,34.7400016784668
2020-05-28,76.12999725341797,35.290000915527344
2020-05-29,75.95999908447266,35.33000183105469
2020-06-01,75.51319885253906,38.31999969482422
2020-06-02,75.7300033569336,39.56999969482422
2020-06-03,75.06580352783203,39.790000915527344
2020-06-04,75.54499816894531,39.9900016784668
2020-06-05,75.49089813232422,42.29999923706055
2020-06-08,75.5177001953125,40.79999923706055
2020-06-09,75.625,41.18000030517578
2020-06-10,75.50980377197266,41.72999954223633
2020-06-11,75.875,38.54999923706055
2020-06-12,76.38999938964844,38.72999954223633
2020-06-15,75.95680236816406,39.720001220703125
2020-06-16,75.97799682617188,40.959999084472656
2020-06-17,76.65499877929688,40.709999084472656
2020-06-18,76.55000305175781,41.5099983215332
2020-06-19,76.40039825439453,42.18999862670898
2020-06-22,76.2520980834961,43.08000183105469
2020-06-23,75.78980255126953,42.630001068115234
2020-06-24,75.60780334472656,40.310001373291016
2020-06-25,75.97000122070312,41.04999923706055
2020-06-26,75.53980255126953,41.02000045776367
2020-06-29,75.61979675292969,41.709999084472656
2020-06-30,75.69999694824219,41.150001525878906
2020-07-01,75.75,42.02999877929688
2020-07-02,75.45490264892578,43.13999938964844
2020-07-06,74.6792984008789,43.09999847412109
2020-07-07,74.60759735107422,43.08000183105469
2020-07-08,75.125,43.290000915527344
2020-07-09,74.93990325927734,42.34999847412109
2020-07-10,75.33999633789062,43.2400016784668
2020-07-13,75.15850067138672,42.720001220703125
2020-07-14,75.44999694824219,42.900001525878906
2020-07-15,75.57499694824219,43.790000915527344
2020-07-16,75.1249008178711,43.369998931884766
2020-07-17,75.17449951171875,43.13999938964844
2020-07-20,74.89730072021484,43.27999877929688
2020-07-21,74.98999786376953,44.31999969482422
2020-07-22,74.7699966430664,44.290000915527344
2020-07-23,74.81999969482422,43.310001373291016
2020-07-24,74.80729675292969,43.34000015258789
2020-07-27,74.75980377197266,43.40999984741211
2020-07-28,75.0,43.220001220703125
2020-07-29,75.08999633789062,43.75
2020-07-30,74.8311996459961,42.93999862670898
2020-07-31,74.98999786376953,43.29999923706055
2020-08-03,74.91780090332031,44.150001525878906
2020-08-04,75.33000183105469,44.43000030517578
2020-08-05,75.25,45.16999816894531
2020-08-06,74.8822021484375,45.09000015258789
2020-08-07,74.8998031616211,44.400001525878906
2020-08-10,75.0248031616211,44.9900016784668
2020-08-11,75.0999984741211,44.5
2020-08-12,74.9000015258789,45.43000030517578
2020-08-13,74.77210235595703,44.959999084472656
2020-08-14,75.02999877929688,44.79999923706055
2020-08-17,74.90280151367188,45.369998931884766
2020-08-18,75.0,45.459999084472656
2020-08-19,74.79499816894531,45.369998931884766
2020-08-20,74.966796875,44.900001525878906
2020-08-21,74.9999008178711,44.34999847412109
2020-08-24,74.92179870605469,45.130001068115234
2020-08-25,74.4000015258789,45.86000061035156
2020-08-26,74.45249938964844,45.63999938964844
2020-08-27,74.24009704589844,45.09000015258789
2020-08-28,73.77449798583984,45.04999923706055
2020-08-31,73.12830352783203,45.27999877929688
2020-09-01,73.66999816894531,45.58000183105469
2020-09-02,73.2699966430664,44.43000030517578
2020-09-03,73.24849700927734,44.06999969482422
2020-09-04,73.4478988647461,42.65999984741211
2020-09-08,73.6500015258789,39.77999877929688
2020-09-09,73.78679656982422,40.790000915527344
2020-09-10,73.55000305175781,40.060001373291016
2020-09-11,73.52729797363281,39.83000183105469
2020-09-14,73.47859954833984,39.61000061035156
2020-09-15,73.61499786376953,40.52999877929688
2020-09-16,73.80000305175781,42.220001220703125
2020-09-17,73.55069732666016,43.29999923706055
2020-09-18,73.58360290527344,43.150001525878906
2020-09-21,73.53479766845703,41.43999862670898
2020-09-22,73.57980346679688,41.720001220703125
2020-09-23,73.50299835205078,41.77000045776367
2020-09-24,73.77839660644531,41.93999862670898
2020-09-25,73.68240356445312,41.91999816894531
2020-09-28,73.69930267333984,42.43000030517578
2020-09-29,73.9749984741211,41.02999877929688
2020-09-30,73.84500122070312,40.95000076293945
2020-10-01,73.70500183105469,40.93000030517578
2020-10-02,73.21700286865234,39.27000045776367
2020-10-05,73.32240295410156,41.290000915527344
2020-10-06,73.1082992553711,42.650001525878906
2020-10-07,73.81500244140625,41.9900016784668
2020-10-08,73.5425033569336,43.34000015258789
2020-10-09,73.28050231933594,42.84999847412109
2020-10-12,73.01480102539062,41.720001220703125
2020-10-13,73.35079956054688,42.45000076293945
2020-10-14,73.62000274658203,43.31999969482422
2020-10-15,73.29620361328125,43.15999984741211
2020-10-16,73.37100219726562,42.93000030517578
2020-10-19,73.44380187988281,42.619998931884766
2020-10-20,73.57499694824219,43.15999984741211
2020-10-21,73.64749908447266,41.72999954223633
2020-10-22,73.6812973022461,42.459999084472656
2020-10-23,73.72000122070312,41.77000045776367
2020-10-26,73.8228988647461,40.459999084472656
2020-10-27,73.94850158691406,41.20000076293945
2020-10-28,73.80500030517578,39.119998931884766
2020-10-29,74.44000244140625,37.650001525878906
2020-10-30,74.26399993896484,37.459999084472656
2020-11-02,74.55049896240234,38.970001220703125
2020-11-03,74.45680236816406,39.709999084472656
2020-11-04,74.65560150146484,41.22999954223633
2020-11-05,74.37999725341797,40.93000030517578
2020-11-06,74.12000274658203,39.45000076293945
2020-11-09,73.97979736328125,42.400001525878906
2020-11-10,73.95320129394531,43.61000061035156
2020-11-11,74.28160095214844,43.79999923706055
2020-11-12,74.56999969482422,43.52999877929688
2020-11-13,74.86499786376953,42.77999877929688
2020-11-16,74.48770141601562,43.81999969482422
2020-11-17,74.41809844970703,43.75
2020-11-18,74.47969818115234,44.34000015258789
2020-11-19,74.41999816894531,44.20000076293945
2020-11-20,74.09960174560547,44.959999084472656
2020-11-23,74.16239929199219,46.060001373291016
2020-11-24,74.24490356445312,47.86000061035156
2020-11-25,73.96080017089844,48.61000061035156
2020-11-27,74.04879760742188,48.18000030517578
2020-11-30,73.94090270996094,47.59000015258789
2020-12-01,74.02519989013672,47.41999816894531
2020-12-02,73.65499877929688,48.25
2020-12-03,73.66259765625,48.709999084472656
2020-12-04,73.86489868164062,49.25
2020-12-07,73.79029846191406,48.790000915527344
2020-12-08,74.0199966430664,48.84000015258789
2020-12-09,73.72640228271484,48.86000061035156
2020-12-10,73.93499755859375,50.25
2020-12-11,73.72669982910156,49.970001220703125
2020-12-14,73.73799896240234,50.290000915527344
2020-12-15,73.86000061035156,50.7599983215332
2020-12-16,73.75980377197266,51.08000183105469
2020-12-17,73.6166000366211,51.5
2020-12-18,73.52980041503906,52.2599983215332
2020-12-21,73.60359954833984,50.90999984741211
2020-12-22,73.935302734375,50.08000183105469
2020-12-23,74.2699966430664,51.20000076293945
2020-12-24,73.83979797363281,51.290000915527344
2020-12-28,73.68900299072266,50.86000061035156
2020-12-29,73.5448989868164,51.09000015258789
2020-12-30,73.45359802246094,51.34000015258789
2020-12-31,73.13400268554688,51.79999923706055
2021-01-04,73.09200286865234,51.09000015258789
2021-01-05,73.31999969482422,53.59999847412109
2021-01-06,73.37480163574219,54.29999923706055
2021-01-07,73.36000061035156,54.380001068115234
2021-01-08,73.44599914550781,55.9900016784668
2021-01-11,73.37339782714844,55.65999984741211
2021-01-12,73.51349639892578,56.58000183105469
2021-01-13,73.16500091552734,56.060001373291016
2021-01-14,73.1698989868164,56.41999816894531
2021-01-15,73.08760070800781,55.09999847412109
2021-01-19,73.1886978149414,55.900001525878906
2021-01-20,73.19190216064453,56.08000183105469
2021-01-21,72.91089630126953,56.09999847412109
2021-01-22,72.95490264892578,55.40999984741211
2021-01-25,72.99590301513672,55.880001068115234
2021-01-26,72.97000122070312,55.90999984741211
2021-01-27,72.91999816894531,55.810001373291016
2021-01-28,73.03710174560547,55.52999877929688
2021-01-29,72.93879699707031,55.880001068115234
2021-02-01,72.90660095214844,56.34999847412109
2021-02-02,73.11979675292969,57.459999084472656
2021-02-03,72.91629791259766,58.459999084472656
2021-02-04,72.85800170898438,58.84000015258789
2021-02-05,72.9457015991211,59.34000015258789
2021-02-08,72.78479766845703,60.560001373291016
2021-02-09,72.92990112304688,61.09000015258789
2021-02-10,72.85489654541016,61.470001220703125
2021-02-11,72.80729675292969,61.13999938964844
2021-02-12,72.70950317382812,62.43000030517578
2021-02-16,72.63870239257812,63.34999847412109
2021-02-17,72.93499755859375,64.33999633789062
2021-02-18,72.79730224609375,63.93000030517578
2021-02-19,72.60540008544922,62.90999984741211
2021-02-22,72.5530014038086,65.23999786376953
2021-02-23,72.44400024414062,65.37000274658203
2021-02-24,72.37699890136719,67.04000091552734
2021-02-25,72.4000015258789,66.87999725341797
2021-02-26,73.1509017944336,66.12999725341797
2021-03-01,73.59590148925781,63.68999862670898
2021-03-02,73.30940246582031,62.70000076293945
2021-03-03,73.27749633789062,64.06999969482422
2021-03-04,72.88069915771484,66.73999786376953
2021-03-05,73.13179779052734,69.36000061035156
2021-03-08,73.1333999633789,68.23999786376953
2021-03-09,73.33000183105469,67.5199966430664
2021-03-10,72.7759017944336,67.9000015258789
2021-03-11,72.70600128173828,69.62999725341797
2021-03-12,72.63899993896484,69.22000122070312
2021-03-15,72.68299865722656,68.87999725341797
2021-03-16,72.51529693603516,68.38999938964844
2021-03-17,72.5156021118164,68.0
2021-03-18,72.29560089111328,63.27999877929688
2021-03-19,72.6688003540039,64.52999877929688
2021-03-22,72.40499877929688,64.62000274658203
2021-03-23,72.38050079345703,60.790000915527344
2021-03-24,72.61219787597656,64.41000366210938
2021-03-25,72.64559936523438,61.95000076293945
2021-03-26,72.61280059814453,64.56999969482422
2021-03-29,72.44719696044922,64.9800033569336
2021-03-30,72.74189758300781,64.13999938964844
2021-03-31,73.44529724121094,63.540000915527344
2021-04-01,73.20349884033203,64.86000061035156
2021-04-05,73.3759994506836,62.150001525878906
2021-04-06,73.27950286865234,62.7400016784668
2021-04-07,73.48999786376953,63.15999984741211
2021-04-08,74.40149688720703,63.20000076293945
2021-04-09,74.54450225830078,62.95000076293945
2021-04-12,74.72949981689453,63.27999877929688
2021-04-13,74.99099731445312,63.66999816894531
2021-04-14,75.18150329589844,66.58000183105469
2021-04-15,75.0261001586914,66.94000244140625
2021-04-16,74.72740173339844,66.7699966430664
2021-04-19,74.56320190429688,67.05000305175781
2021-04-20,74.8781967163086,66.56999969482422
2021-04-21,75.44920349121094,65.31999969482422
2021-04-22,75.42949676513672,65.4000015258789
2021-04-23,75.0916976928711,66.11000061035156
2021-04-26,74.86810302734375,65.6500015258789
2021-04-27,74.81490325927734,66.41999816894531
2021-04-28,74.57499694824219,67.2699966430664
2021-04-29,74.31179809570312,68.55999755859375
2021-04-30,74.10579681396484,67.25
2021-05-03,74.09480285644531,67.55999755859375
2021-05-04,73.8375015258789,68.87999725341797
2021-05-05,73.77890014648438,68.95999908447266
2021-05-06,73.79940032958984,68.08999633789062
2021-05-07,73.61519622802734,68.27999877929688
2021-05-10,73.29029846191406,68.31999969482422
2021-05-11,73.5,68.55000305175781
2021-05-12,73.3750991821289,69.31999969482422
2021-05-13,73.68160247802734,67.05000305175781
2021-05-14,73.44490051269531,68.70999908447266
2021-05-17,73.27890014648438,69.45999908447266
2021-05-18,73.26969909667969,68.70999908447266
2021-05-19,73.1281967163086,66.66000366210938
2021-05-20,73.222900390625,65.11000061035156
2021-05-21,73.02189636230469,66.44000244140625
2021-05-24,72.90979766845703,68.45999908447266
2021-05-25,72.83660125732422,68.6500015258789
2021-05-26,72.80490112304688,68.87000274658203
2021-05-27,72.67250061035156,69.45999908447266
2021-05-28,72.68299865722656,69.62999725341797
2021-06-01,72.48719787597656,70.25
2021-06-02,72.8550033569336,71.3499984741211
2021-06-03,72.96510314941406,71.30999755859375
2021-06-04,73.04419708251953,71.88999938964844
2021-06-07,72.90969848632812,71.48999786376953
2021-06-08,72.80940246582031,72.22000122070312
2021-06-09,72.97530364990234,72.22000122070312
2021-06-10,72.98529815673828,72.5199966430664
2021-06-11,73.01229858398438,72.69000244140625
2021-06-14,73.23159790039062,72.86000061035156
2021-06-15,73.18080139160156,73.98999786376953
2021-06-16,73.3447036743164,74.38999938964844
2021-06-17,73.8240966796875,73.08000183105469
2021-06-18,74.25389862060547,73.51000213623047
2021-06-21,74.1438980102539,74.9000015258789
2021-06-22,74.13520050048828,74.80999755859375
2021-06-23,74.33219909667969,75.19000244140625
2021-06-24,74.24690246582031,75.55999755859375
2021-06-25,74.19029998779297,76.18000030517578
2021-06-28,74.21299743652344,74.68000030517578
2021-06-29,74.285400390625,74.76000213623047
2021-06-30,74.28759765625,75.12999725341797
2021-07-01,74.37100219726562,75.83999633789062
2021-07-02,74.54499816894531,76.16999816894531
2021-07-06,74.31780242919922,74.52999877929688
2021-07-07,74.76290130615234,73.43000030517578
2021-07-08,74.8218994140625,74.12000274658203
2021-07-09,74.72139739990234,75.55000305175781
2021-07-12,74.4905014038086,75.16000366210938
2021-07-13,74.54170227050781,76.48999786376953
2021-07-14,74.65910339355469,74.76000213623047
2021-07-15,74.46910095214844,73.47000122070312
2021-07-16,74.53700256347656,73.58999633789062
2021-07-19,74.63179779052734,68.62000274658203
2021-07-20,74.99340057373047,69.3499984741211
2021-07-21,74.5270004272461,72.2300033569336
2021-07-22,74.44020080566406,73.79000091552734
2021-07-23,74.4520034790039,74.0999984741211
2021-07-26,74.44889831542969,74.5
2021-07-27,74.28949737548828,74.4800033569336
2021-07-28,74.5022964477539,74.73999786376953
2021-07-29,74.38999938964844,76.05000305175781
2021-07-30,74.25199890136719,76.33000183105469
2021-08-02,74.37909698486328,72.88999938964844
2021-08-03,74.33200073242188,72.41000366210938
2021-08-04,74.21440124511719,70.37999725341797
2021-08-05,74.18399810791016,71.29000091552734
2021-08-06,74.08200073242188,70.69999694824219
2021-08-09,74.49140167236328,69.04000091552734
2021-08-10,74.46620178222656,70.62999725341797
2021-08-11,74.43550109863281,71.44000244140625
2021-08-12,74.10299682617188,71.30999755859375
2021-08-13,74.26010131835938,70.58999633789062
2021-08-16,74.216796875,69.51000213623047
2021-08-17,74.13500213623047,69.02999877929688
2021-08-18,74.364501953125,68.2300033569336
2021-08-19,74.2697982788086,66.44999694824219
2021-08-20,74.4292984008789,65.18000030517578
2021-08-23,74.30149841308594,68.75
2021-08-24,74.10590362548828,71.05000305175781
2021-08-25,74.1447982788086,72.25
2021-08-26,74.0999984741211,71.06999969482422
2021-08-27,74.15599822998047,72.69999694824219
2021-08-30,73.49659729003906,73.41000366210938
2021-08-31,73.41120147705078,72.98999786376953
2021-09-01,72.99669647216797,71.58999633789062
2021-09-02,72.98509979248047,73.02999877929688
2021-09-03,73.0542984008789,72.61000061035156
2021-09-07,73.11000061035156,71.69000244140625
2021-09-08,73.3904037475586,72.5999984741211
2021-09-09,73.78900146484375,71.44999694824219
2021-09-10,73.53800201416016,72.91999816894531
2021-09-13,73.52429962158203,73.51000213623047
2021-09-14,73.54080200195312,73.5999984741211
2021-09-15,73.65080261230469,75.45999908447266
2021-09-16,73.43800354003906,75.66999816894531
2021-09-17,73.56490325927734,75.33999633789062
2021-09-20,73.69609832763672,73.91999816894531
2021-09-21,73.65899658203125,74.36000061035156
2021-09-22,73.7927017211914,76.19000244140625
2021-09-23,73.8749008178711,77.25
2021-09-24,73.83999633789062,78.08999633789062
2021-09-27,73.81289672851562,79.52999877929688
2021-09-28,73.82530212402344,79.08999633789062
2021-09-29,74.16329956054688,78.63999938964844
2021-09-30,74.3219985961914,78.5199966430664
2021-10-01,74.25440216064453,79.27999877929688
2021-10-04,74.152099609375,81.26000213623047
2021-10-05,74.57279968261719,82.55999755859375
2021-10-06,74.56320190429688,81.08000183105469
2021-10-07,74.76000213623047,81.94999694824219
2021-10-08,74.83000183105469,82.38999938964844
2021-10-11,75.30580139160156,83.6500015258789
2021-10-12,75.40260314941406,83.41999816894531
2021-10-13,75.48390197753906,83.18000030517578
2021-10-14,75.3062973022461,84.0
2021-10-15,74.99500274658203,84.86000061035156
2021-10-18,75.00589752197266,84.33000183105469
2021-10-19,75.2354965209961,85.08000183105469
2021-10-20,75.12010192871094,85.81999969482422
2021-10-21,74.80919647216797,84.61000061035156
2021-10-22,74.86540222167969,85.52999877929688
2021-10-25,74.99369812011719,85.98999786376953
2021-10-26,75.08989715576172,86.4000015258789
2021-10-27,74.88890075683594,84.58000183105469
2021-10-28,75.05000305175781,84.31999969482422
2021-10-29,74.79720306396484,84.37999725341797
2021-11-01,74.92829895019531,84.70999908447266
2021-11-02,74.82990264892578,84.72000122070312
2021-11-03,74.71199798583984,81.98999786376953
2021-11-04,74.43550109863281,80.54000091552734
2021-11-05,74.47810363769531,82.73999786376953
2021-11-08,74.19110107421875,83.43000030517578
2021-11-09,73.91850280761719,84.77999877929688
2021-11-10,74.17479705810547,82.63999938964844
2021-11-11,74.40489959716797,82.87000274658203
2021-11-12,74.32209777832031,82.16999816894531
2021-11-15,74.33999633789062,82.05000305175781
2021-11-16,74.43509674072266,82.43000030517578
2021-11-17,74.45860290527344,80.27999877929688
2021-11-18,74.25980377197266,81.23999786376953
2021-11-19,74.17440032958984,78.88999938964844
2021-11-22,74.30259704589844,79.69999694824219
2021-11-23,74.42980194091797,82.30999755859375
2021-11-24,74.4469985961914,82.25
2021-11-26,74.50579833984375,72.72000122070312
2021-11-29,74.98159790039062,73.44000244140625
2021-11-30,75.05490112304688,70.56999969482422
2021-12-01,75.0509033203125,68.87000274658203
2021-12-02,75.01789855957031,69.66999816894531
2021-12-03,74.9834976196289,69.87999725341797
2021-12-06,75.23400115966797,73.08000183105469
2021-12-07,75.39129638671875,75.44000244140625
2021-12-08,75.40859985351562,75.81999969482422
2021-12-09,75.38330078125,74.41999816894531
2021-12-10,75.59919738769531,75.1500015258789
2021-12-13,75.70999908447266,74.38999938964844
2021-12-14,75.82689666748047,73.69999694824219
2021-12-15,76.04720306396484,73.87999725341797
2021-12-16,76.2114028930664,75.0199966430664
2021-12-17,76.1675033569336,73.5199966430664
2021-12-20,76.00599670410156,71.5199966430664
2021-12-21,75.75869750976562,73.9800033569336
2021-12-22,75.6864013671875,75.29000091552734
2021-12-23,75.45850372314453,76.8499984741211
2021-12-27,75.31500244140625,78.5999984741211
2021-12-28,74.98030090332031,78.94000244140625
2021-12-29,74.74500274658203,79.2300033569336
2021-12-30,74.57029724121094,79.31999969482422
2021-12-31,74.43119812011719,77.77999877929688
2022-01-03,74.51380157470703,78.9800033569336
2022-01-04,74.4032974243164,80.0
2022-01-05,74.53489685058594,80.80000305175781
2022-01-06,74.43009948730469,81.98999786376953
2022-01-07,74.41929626464844,81.75
2022-01-10,74.2699966430664,80.87000274658203
2022-01-11,74.05699920654297,83.72000122070312
2022-01-12,73.81529998779297,84.66999816894531
2022-01-13,73.79910278320312,84.47000122070312
2022-01-14,73.97229766845703,86.05999755859375
2022-01-18,74.25509643554688,87.51000213623047
2022-01-19,74.61969757080078,88.44000244140625
2022-01-20,74.44920349121094,88.37999725341797
2022-01-21,74.45220184326172,87.88999938964844
2022-01-24,74.41320037841797,86.2699966430664
2022-01-25,74.6447982788086,88.19999694824219
2022-01-26,74.77999877929688,89.95999908447266
2022-01-27,74.8949966430664,89.33999633789062
2022-01-28,75.20929718017578,90.02999877929688
2022-01-31,75.03900146484375,91.20999908447266
2022-02-01,74.55580139160156,89.16000366210938
2022-02-02,74.74549865722656,89.47000122070312
2022-02-03,74.82240295410156,91.11000061035156
2022-02-04,74.6438980102539,93.2699966430664
2022-02-07,74.64219665527344,92.69000244140624
2022-02-08,74.6583023071289,90.77999877929688
2022-02-09,74.69519805908203,91.5500030517578
2022-02-10,74.80889892578125,91.41000366210938
2022-02-11,75.53839874267578,94.44000244140624
2022-02-14,75.34100341796875,96.4800033569336
2022-02-15,75.6854019165039,93.27999877929688
2022-02-16,75.17479705810547,94.80999755859376
2022-02-17,75.04199981689453,92.97000122070312
2022-02-18,75.06300354003906,93.54000091552734
2022-02-22,74.51699829101562,96.83999633789062
2022-02-23,74.62300109863281,96.83999633789062
2022-02-24,74.63300323486328,99.08000183105467
2022-02-25,75.4083023071289,97.93000030517578
2022-02-28,75.06800079345703,100.98999786376952
2022-03-01,75.28479766845703,104.97000122070312
2022-03-02,75.80120086669922,112.93000030517578
2022-03-03,75.63099670410156,110.45999908447266
2022-03-04,75.8917007446289,118.11000061035156
2022-03-07,76.41799926757812,123.20999908447266
2022-03-08,77.08080291748047,127.9800033569336
2022-03-09,76.91449737548828,111.13999938964844
2022-03-10,76.13490295410156,109.33000183105467
2022-03-11,76.310302734375,112.66999816894533
2022-03-14,76.75370025634766,106.9000015258789
2022-03-15,76.49009704589844,99.91000366210938
2022-03-16,76.26589965820312,98.0199966430664
2022-03-17,76.02420043945312,106.63999938964844
2022-03-18,75.98159790039062,107.93000030517578
2022-03-21,75.94640350341797,115.62000274658205
2022-03-22,76.30709838867188,115.4800033569336
2022-03-23,76.10189819335938,121.5999984741211
2022-03-24,76.55239868164062,119.02999877929688
2022-03-25,76.32350158691406,120.6500015258789
2022-03-28,76.27850341796875,112.4800033569336
2022-03-29,76.03410339355469,110.2300033569336
2022-03-30,75.66670227050781,113.4499969482422
2022-03-31,75.82779693603516,107.91000366210938
2022-04-01,75.9092025756836,104.38999938964844
2022-04-04,75.99479675292969,107.52999877929688
2022-04-05,75.47799682617188,106.63999938964844
2022-04-06,75.45069885253906,101.06999969482422
2022-04-07,75.94509887695312,100.58000183105467
2022-04-08,75.91320037841797,102.77999877929688
2022-04-11,75.91729736328125,98.4800033569336
2022-04-12,75.83699798583984,104.63999938964844
2022-04-13,76.1498031616211,108.77999877929688
2022-04-14,76.12169647216797,111.6999969482422
2022-04-18,76.3313980102539,113.16000366210938
2022-04-19,76.28019714355469,107.25
2022-04-20,76.44539642333984,106.8000030517578
2022-04-21,76.27619934082031,108.33000183105467
2022-04-22,76.28520202636719,106.6500015258789
2022-04-25,76.4635009765625,102.31999969482422
2022-04-26,76.52780151367188,104.98999786376952
2022-04-27,76.79409790039062,105.31999969482422
2022-04-28,76.47219848632812,107.58999633789062
2022-04-29,76.58899688720703,109.33999633789062
2022-05-02,76.52310180664062,107.58000183105467
2022-05-03,76.52410125732422,104.97000122070312
2022-05-04,76.46730041503906,110.13999938964844
2022-05-05,76.00160217285156,110.9000015258789
2022-05-06,76.54180145263672,112.38999938964844
2022-05-09,76.9574966430664,105.94000244140624
2022-05-10,77.3655014038086,102.45999908447266
2022-05-11,77.27140045166016,107.51000213623048
2022-05-12,77.41840362548828,107.4499969482422
2022-05-13,77.44380187988281,111.5500030517578
2022-05-16,77.48629760742188,114.23999786376952
2022-05-17,77.8053970336914,111.93000030517578
2022-05-18,77.37239837646484,109.11000061035156
2022-05-19,77.81999969482422,112.04000091552734
2022-05-20,77.42109680175781,112.5500030517578
2022-05-23,77.81839752197266,113.41999816894533
2022-05-24,77.52680206298828,113.55999755859376
2022-05-25,77.47879791259766,114.02999877929688
2022-05-26,77.49729919433594,117.4000015258789
2022-05-27,77.63020324707031,119.43000030517578
2022-05-31,77.5208969116211,122.83999633789062
2022-06-01,77.5989990234375,116.29000091552734
2022-06-02,77.58409881591797,117.61000061035156
2022-06-03,77.3604965209961,119.72000122070312
2022-06-06,77.69419860839844,119.51000213623048
2022-06-07,77.82099914550781,120.56999969482422
2022-06-08,77.67060089111328,123.58000183105467
2022-06-09,77.72429656982422,123.06999969482422
2022-06-10,77.8187026977539,122.01000213623048
2022-06-13,78.17759704589844,122.2699966430664
2022-06-14,78.16059875488281,121.16999816894533
2022-06-15,77.9854965209961,118.51000213623048
2022-06-16,77.90019989013672,119.80999755859376
2022-06-17,77.97769927978516,113.12000274658205
2022-06-21,77.93399810791016,114.6500015258789
2022-06-22,78.13490295410156,111.73999786376952
2022-06-23,78.19309997558594,110.0500030517578
2022-06-24,78.14240264892578,113.12000274658205
2022-06-27,78.2522964477539,115.08999633789062
2022-06-28,78.44110107421875,117.9800033569336
2022-06-29,79.07319641113281,116.26000213623048
2022-06-30,78.89830017089844,114.80999755859376
2022-07-01,78.96299743652344,111.62999725341795
2022-07-05,78.93949890136719,102.7699966430664
2022-07-06,79.36840057373047,100.69000244140624
2022-07-07,79.04389953613281,104.6500015258789
2022-07-08,79.22160339355469,107.0199966430664
2022-07-11,79.3313980102539,107.0999984741211
2022-07-12,79.47779846191406,99.48999786376952
2022-07-13,79.47640228271484,99.56999969482422
2022-07-14,79.80750274658203,99.0999984741211
2022-07-15,79.87830352783203,101.16000366210938
2022-07-18,79.72049713134766,106.2699966430664
2022-07-19,80.0302963256836,107.3499984741211
2022-07-20,79.85590362548828,106.91999816894533
2022-07-21,80.00340270996094,103.86000061035156
2022-07-22,79.7759017944336,103.1999969482422
2022-07-25,79.87680053710938,105.1500015258789
2022-07-26,79.72250366210938,104.4000015258789
2022-07-27,79.84120178222656,106.62000274658205
2022-07-28,79.84739685058594,107.13999938964844
2022-07-29,79.57150268554688,110.01000213623048
2022-08-01,79.1948013305664,100.02999877929688
2022-08-02,78.95570373535156,100.54000091552734
2022-08-03,78.60449981689453,96.77999877929688
2022-08-04,79.11830139160156,94.12000274658205
2022-08-05,79.15489959716797,94.91999816894533
2022-08-08,79.41059875488281,96.6500015258789
2022-08-09,79.60189819335938,96.30999755859376
2022-08-10,79.57839965820312,97.4000015258789
2022-08-11,79.0978012084961,99.5999984741211
2022-08-12,79.61399841308594,98.1500015258789
2022-08-15,79.62760162353516,95.0999984741211
2022-08-16,79.55290222167969,92.33999633789062
2022-08-17,79.14600372314453,93.6500015258789
2022-08-18,79.35970306396484,96.58999633789062
2022-08-19,79.7667007446289,96.72000122070312
2022-08-22,79.91790008544922,96.4800033569336
2022-08-23,79.88379669189453,100.22000122070312
2022-08-24,79.85449981689453,101.22000122070312
2022-08-25,79.79679870605469,99.33999633789062
2022-08-26,79.88289642333984,100.98999786376952
2022-08-29,79.95909881591797,105.08999633789062
2022-08-30,79.96790313720703,99.30999755859376
2022-08-31,79.68229675292969,96.48999786376952
2022-09-01,79.54879760742188,92.36000061035156
2022-09-02,79.716796875,93.0199966430664
2022-09-06,79.78299713134766,92.83000183105467
2022-09-07,79.89510345458984,88.0
2022-09-08,79.6498031616211,89.1500015258789
2022-09-09,79.706298828125,92.83999633789062
2022-09-12,79.65579986572266,94.0
2022-09-13,79.35530090332031,93.16999816894533
2022-09-14,79.60240173339844,94.0999984741211
2022-09-15,79.45369720458984,90.83999633789062
2022-09-16,79.8490982055664,91.3499984741211
2022-09-19,79.68949890136719,92.0
2022-09-20,79.7074966430664,90.62000274658205
2022-09-21,79.76270294189453,89.83000183105469
2022-09-22,80.05069732666016,90.45999908447266
2022-09-23,81.06220245361328,86.1500015258789
2022-09-26,81.25479888916016,84.05999755859375
2022-09-27,81.61579895019531,86.2699966430664
2022-09-28,81.72460174560547,89.31999969482422
2022-09-29,81.42870330810547,88.48999786376953
2022-09-30,81.48059844970703,87.95999908447266
2022-10-03,81.52130126953125,88.86000061035156
2022-10-04,81.49500274658203,91.8000030517578
2022-10-05,81.46549987792969,93.37000274658205
2022-10-06,81.6488037109375,94.41999816894533
2022-10-07,82.3489990234375,97.91999816894533
2022-10-10,82.8322982788086,96.19000244140624
2022-10-11,82.42070007324219,94.29000091552734
2022-10-12,82.2739028930664,92.4499969482422
2022-10-13,82.19999694824219,94.56999969482422
2022-10-14,82.19210052490234,91.62999725341795
2022-10-17,82.41280364990234,91.62000274658205
2022-10-18,82.1947021484375,90.02999877929688
2022-10-19,82.2863998413086,92.41000366210938
2022-10-20,82.99700164794922,92.37999725341795
2022-10-21,82.82569885253906,93.5
2022-10-24,82.54129791259766,93.26000213623048
2022-10-25,82.7614974975586,93.5199966430664
2022-10-26,82.44529724121094,95.69000244140624
2022-10-27,82.04959869384766,96.95999908447266
2022-10-28,82.44249725341797,95.7699966430664
2022-10-31,82.23919677734375,94.83000183105467
2022-11-01,82.72899627685547,94.6500015258789
2022-11-02,82.68450164794922,96.16000366210938
2022-11-03,82.88839721679688,94.66999816894533
2022-11-04,82.68180084228516,98.56999969482422
2022-11-07,81.9749984741211,97.91999816894533
2022-11-08,81.82599639892578,95.36000061035156
2022-11-09,81.40519714355469,92.6500015258789
2022-11-10,81.34380340576172,93.66999816894533
2022-11-11,80.48290252685547,95.98999786376952
2022-11-14,80.49700164794922,93.13999938964844
2022-11-15,80.99199676513672,93.86000061035156
2022-11-16,81.07140350341797,92.86000061035156
2022-11-17,81.49530029296875,89.77999877929688
2022-11-18,81.52490234375,87.62000274658203
2022-11-21,81.5198974609375,87.44999694824219
2022-11-22,81.72769927978516,88.36000061035156
2022-11-23,81.71499633789062,85.41000366210938
2022-11-25,81.65540313720703,83.62999725341797
2022-11-28,81.6697006225586,83.19000244140625
2022-11-29,81.65029907226562,83.02999877929688
2022-11-30,81.63089752197266,85.43000030517578
2022-12-01,81.3052978515625,86.87999725341797
2022-12-02,81.16220092773438,85.56999969482422
2022-12-05,81.42250061035156,82.68000030517578
2022-12-06,81.89900207519531,79.3499984741211
2022-12-07,82.37220001220703,77.16999816894531
2022-12-08,82.25350189208984,76.1500015258789
2022-12-09,82.2791976928711,76.0999984741211
2022-12-12,82.41300201416016,77.98999786376953
2022-12-13,82.64469909667969,80.68000030517578
2022-12-14,82.40249633789062,82.69999694824219
2022-12-15,82.50800323486328,81.20999908447266
2022-12-16,82.85790252685547,79.04000091552734
2022-12-19,82.72599792480469,79.80000305175781
2022-12-20,82.58190155029297,79.98999786376953
2022-12-21,82.63690185546875,82.19999694824219
2022-12-22,82.87860107421875,80.9800033569336
2022-12-23,82.8749008178711,83.91999816894531
2022-12-27,82.90290069580078,84.33000183105469
2022-12-28,82.7761001586914,83.26000213623047
2022-12-29,82.85199737548828,82.26000213623047
2022-12-30,82.83509826660156,85.91000366210938
2023-01-03,82.70600128173828,82.0999984741211
2023-01-04,82.78569793701172,77.83999633789062
2023-01-05,82.66649627685547,78.69000244140625
2023-01-06,82.64520263671875,78.56999969482422
2023-01-09,82.27339935302734,79.6500015258789
2023-01-10,82.18009948730469,80.0999984741211
2023-01-11,81.63739776611328,82.66999816894531
2023-01-12,81.63179779052734,84.02999877929688
2023-01-13,81.1156005859375,85.27999877929688
2023-01-17,81.65260314941406,85.91999816894531
2023-01-18,81.52549743652344,84.9800033569336
2023-01-19,81.43599700927734,86.16000366210938
2023-01-20,81.23979949951172,87.62999725341797
2023-01-23,80.97599792480469,88.19000244140625
2023-01-24,81.48799896240234,86.12999725341797
2023-01-25,81.60189819335938,86.12000274658203
2023-01-26,81.50270080566406,87.47000122070312
2023-01-27,81.44509887695312,86.66000366210938
2023-01-30,81.50800323486328,84.9000015258789
2023-01-31,81.57990264892578,84.48999786376953
2023-02-01,81.76840209960938,82.83999633789062
2023-02-02,81.71029663085938,82.16999816894531
2023-02-03,82.0458984375,79.94000244140625
2023-02-06,82.22599792480469,80.98999786376953
2023-02-07,82.75499725341797,83.69000244140625
2023-02-08,82.74189758300781,85.08999633789062
2023-02-09,82.65950012207031,84.5
2023-02-10,82.533203125,86.38999938964844
2023-02-13,82.51300048828125,86.61000061035156
2023-02-14,82.59739685058594,85.58000183105469
2023-02-15,82.86759948730469,85.37999725341797
2023-02-16,82.73770141601562,85.13999938964844
2023-02-17,82.69529724121094,83.0
2023-02-21,82.69750213623047,83.05000305175781
2023-02-22,82.86119842529297,80.5999984741211
2023-02-23,82.83529663085938,82.20999908447266
2023-02-24,82.6178970336914,83.16000366210938
2023-02-27,82.91799926757812,82.44999694824219
2023-02-28,82.6520004272461,83.88999938964844
2023-03-01,82.6353988647461,84.30999755859375
2023-03-02,82.4198989868164,84.75
2023-03-03,82.35569763183594,85.83000183105469
2023-03-06,81.7125015258789,86.18000030517578
2023-03-07,81.85440063476562,83.29000091552734
2023-03-08,82.07460021972656,82.66000366210938
2023-03-09,81.9645004272461,81.58999633789062
2023-03-10,82.01840209960938,82.77999877929688
2023-03-13,81.95800018310547,80.7699966430664
2023-03-14,82.41739654541016,77.44999694824219
2023-03-15,82.30490112304688,73.69000244140625
2023-03-16,82.7156982421875,74.69999694824219
2023-03-17,82.622802734375,72.97000122070312
2023-03-20,82.53299713134766,73.79000091552734
2023-03-21,82.52909851074219,75.31999969482422
2023-03-22,82.677001953125,76.69000244140625
2023-03-23,82.52580261230469,75.91000366210938
2023-03-24,82.26529693603516,74.98999786376953
2023-03-27,82.33879852294922,78.12000274658203
2023-03-28,82.21489715576172,78.6500015258789
2023-03-29,82.16429901123047,78.27999877929688
2023-03-30,82.25540161132812,79.2699966430664
2023-03-31,82.10050201416016,79.7699966430664
2023-04-03,82.18479919433594,84.93000030517578
2023-04-04,82.14089965820312,84.94000244140625
2023-04-05,82.11479949951172,84.98999786376953
2023-04-06,81.94999694824219,85.12000274658203
2023-04-10,81.88480377197266,84.18000030517578
2023-04-11,81.98390197753906,85.61000061035156
2023-04-12,82.07009887695312,87.33000183105469
2023-04-13,81.96060180664062,86.08999633789062
2023-04-14,81.68070220947266,86.30999755859375
2023-04-17,81.84480285644531,84.76000213623047
2023-04-18,82.00370025634766,84.7699966430664
2023-04-19,82.10790252685547,83.12000274658203
2023-04-20,82.34010314941406,81.0999984741211
2023-04-21,82.14089965820312,81.66000366210938
2023-04-24,82.05480194091797,82.7300033569336
2023-04-25,81.85230255126953,80.7699966430664
2023-04-26,81.9916000366211,77.69000244140625
2023-04-27,81.76689910888672,78.37000274658203
2023-04-28,81.76509857177734,79.54000091552734
2023-05-01,81.74479675292969,79.30999755859375
2023-05-02,81.77469635009766,75.31999969482422
2023-05-03,81.77870178222656,72.33000183105469
2023-05-04,81.77999877929688,72.5
2023-05-05,81.71610260009766,75.30000305175781
2023-05-08,81.72979736328125,77.01000213623047
2023-05-09,81.78710174560547,77.44000244140625
2023-05-10,82.1050033569336,76.41000366210938
2023-05-11,81.9198989868164,74.9800033569336
2023-05-12,82.10030364990234,74.16999816894531
2023-05-15,82.20030212402344,75.2300033569336
2023-05-16,82.2667007446289,74.91000366210938
2023-05-17,82.2959976196289,76.95999908447266
2023-05-18,82.45030212402344,75.86000061035156
2023-05-19,82.72509765625,75.58000183105469
2023-05-22,82.90480041503906,75.98999786376953
2023-05-23,82.82499694824219,76.83999633789062
2023-05-24,82.8906021118164,78.36000061035156
2023-05-25,82.71369934082031,76.26000213623047
2023-05-26,82.74210357666016,76.94999694824219
2023-05-30,82.57969665527344,73.54000091552734
2023-05-31,82.68389892578125,72.66000366210938
2023-06-01,82.66680145263672,74.27999877929688
2023-06-02,82.27670288085938,76.12999725341797
2023-06-05,82.40979766845703,76.70999908447266
2023-06-06,82.51119995117188,76.29000091552734
2023-06-07,82.51719665527344,76.94999694824219
2023-06-08,82.61810302734375,75.95999908447266
2023-06-09,82.48829650878906,74.79000091552734
2023-06-12,82.4448013305664,71.83999633789062
2023-06-13,82.33719635009766,74.29000091552734
2023-06-14,82.29039764404297,73.19999694824219
2023-06-15,82.04499816894531,75.66999816894531
2023-06-16,81.9126968383789,76.61000061035156
2023-06-20,81.98139953613281,75.9000015258789
2023-06-21,81.9917984008789,77.12000274658203
2023-06-22,81.94149780273438,74.13999938964844
2023-06-23,81.91929626464844,73.8499984741211
2023-06-26,81.98480224609375,74.18000030517578
2023-06-27,82.00650024414062,72.26000213623047
2023-06-28,81.99839782714844,74.02999877929688
2023-06-29,82.02649688720703,74.33999633789062
2023-06-30,82.07540130615234,74.9000015258789
2023-07-03,82.09629821777344,74.6500015258789
2023-07-05,82.0071029663086,76.6500015258789
2023-07-06,82.39409637451172,76.5199966430664
2023-07-07,82.76840209960938,78.47000122070312
2023-07-10,82.61530303955078,77.69000244140625
2023-07-11,82.52529907226562,79.4000015258789
2023-07-12,82.39990234375,80.11000061035156
2023-07-13,82.00180053710938,81.36000061035156
2023-07-14,82.03079986572266,79.87000274658203
2023-07-17,82.07679748535156,78.5
2023-07-18,82.06159973144531,79.62999725341797
2023-07-19,82.07540130615234,79.45999908447266
2023-07-20,82.06169891357422,79.63999938964844
2023-07-21,82.0823974609375,81.06999969482422
2023-07-24,81.99030303955078,82.73999786376953
2023-07-25,81.81420135498047,83.63999938964844
2023-07-26,81.95010375976562,82.91999816894531
2023-07-27,81.97550201416016,84.23999786376953
2023-07-28,82.3749008178711,84.98999786376953
2023-07-31,82.25279998779297,85.55999755859375
2023-08-01,82.2332992553711,84.91000366210938
2023-08-02,82.30729675292969,83.19999694824219
2023-08-03,82.7332992553711,85.13999938964844
2023-08-04,82.7843017578125,86.23999786376953
2023-08-07,82.69529724121094,85.33999633789062
2023-08-08,82.74829864501953,86.16999816894531
2023-08-09,82.84500122070312,87.55000305175781
2023-08-10,82.86630249023438,86.4000015258789
2023-08-11,82.79989624023438,86.80999755859375
2023-08-14,82.89730072021484,86.20999908447266
2023-08-15,83.2333984375,84.88999938964844
2023-08-16,83.19419860839844,83.44999694824219
2023-08-17,83.23699951171875,84.12000274658203
2023-08-18,83.09829711914062,84.80000305175781
2023-08-21,83.16729736328125,84.45999908447266
2023-08-22,83.1135025024414,84.02999877929688
2023-08-23,83.07330322265625,83.20999908447266
2023-08-24,82.5447006225586,83.36000061035156
2023-08-25,82.64140319824219,84.4800033569336
2023-08-28,82.66429901123047,84.41999816894531
2023-08-29,82.69149780273438,85.48999786376953
2023-08-30,82.49469757080078,85.86000061035156
2023-08-31,82.70040130615234,86.86000061035156
2023-09-01,82.68240356445312,88.55000305175781
2023-09-05,82.7345962524414,90.04000091552734
2023-09-06,83.08609771728516,90.5999984741211
2023-09-07,83.25740051269531,89.91999816894531
2023-09-08,83.24150085449219,90.6500015258789
2023-09-11,83.03130340576172,90.63999938964844
2023-09-12,82.94329833984375,92.05999755859376
2023-09-13,82.84300231933594,91.87999725341795
2023-09-14,82.93679809570312,93.6999969482422
2023-09-15,83.0282974243164,93.93000030517578
2023-09-18,83.08580017089844,94.43000030517578
2023-09-19,83.25489807128906,94.33999633789062
2023-09-20,83.19499969482422,93.52999877929688
2023-09-21,83.08699798583984,93.3000030517578
2023-09-22,82.89129638671875,93.2699966430664
2023-09-25,82.97480010986328,93.29000091552734
2023-09-26,83.0282974243164,93.95999908447266
2023-09-27,83.29869842529297,96.5500030517578
2023-09-28,83.22270202636719,95.37999725341795
2023-09-29,83.19300079345703,95.30999755859376
2023-10-02,83.03479766845703,90.70999908447266
2023-10-03,83.3593978881836,90.91999816894533
2023-10-04,83.22979736328125,85.80999755859375
2023-10-05,83.44979858398438,84.06999969482422
2023-10-06,83.22489929199219,84.58000183105469
2023-10-09,83.12460327148438,88.1500015258789
2023-10-10,83.27030181884766,87.6500015258789
2023-10-11,83.25029754638672,85.81999969482422
2023-10-12,83.21800231933594,86.0
2023-10-13,83.26239776611328,90.88999938964844
2023-10-16,83.28230285644531,89.6500015258789
2023-10-17,83.19950103759766,89.9000015258789
2023-10-18,83.26429748535156,91.5
2023-10-19,83.26860046386719,92.37999725341795
2023-10-20,83.12229919433594,92.16000366210938
2023-10-23,83.15979766845703,89.83000183105469
2023-10-24,83.02940368652344,88.06999969482422
2023-10-25,82.98780059814453,90.12999725341795
2023-10-26,83.1709976196289,87.93000030517578
2023-10-27,83.28250122070312,90.4800033569336
2023-10-30,83.41339874267578,87.44999694824219
2023-10-31,83.29650115966797,87.41000366210938
2023-11-01,83.2771987915039,84.62999725341797
2023-11-02,85.19400024414062,86.8499984741211
2023-11-03,83.24729919433594,84.88999938964844
2023-11-06,83.15850067138672,85.18000030517578
2023-11-07,83.2228012084961,81.61000061035156
2023-11-08,83.23269653320312,79.54000091552734
2023-11-09,83.21769714355469,80.01000213623047
2023-11-10,83.31939697265625,81.43000030517578
2023-11-13,83.29889678955078,82.5199966430664
2023-11-14,83.19760131835938,82.47000122070312
2023-11-15,82.98159790039062,81.18000030517578
2023-11-16,83.18620300292969,77.41999816894531
2023-11-17,83.12030029296875,80.61000061035156
2023-11-20,83.29149627685547,82.31999969482422
2023-11-21,83.32219696044922,82.44999694824219
2023-11-22,83.345703125,81.95999908447266
2023-11-23,83.54830169677734,81.37000274658203
2023-11-24,83.34400177001953,80.58000183105469
2023-11-27,83.31449890136719,79.9800033569336
2023-11-28,83.364501953125,81.68000030517578
2023-11-29,83.41809844970703,83.0999984741211
2023-11-30,83.3302993774414,82.83000183105469
2023-12-01,83.35269927978516,78.87999725341797
2023-12-04,83.21859741210938,78.02999877929688
2023-12-05,83.41709899902344,77.19999694824219
2023-12-06,83.31590270996094,74.30000305175781
2023-12-07,83.28959655761719,74.05000305175781
2023-12-08,83.35489654541016,75.83999633789062
2023-12-11,83.43009948730469,76.02999877929688
2023-12-12,83.34349822998047,73.23999786376953
2023-12-13,83.39600372314453,74.26000213623047
2023-12-14,83.2853012084961,76.61000061035156
2023-12-15,83.29660034179688,76.55000305175781
2023-12-18,83.04170227050781,77.94999694824219
2023-12-19,83.11119842529297,79.2300033569336
2023-12-20,83.09159851074219,79.69999694824219
2023-12-21,83.26719665527344,79.38999938964844
2023-12-22,83.13159942626953,79.06999969482422
2023-12-26,83.17230224609375,81.06999969482422
2023-12-27,83.18280029296875,79.6500015258789
2023-12-28,83.26719665527344,78.38999938964844
2023-12-29,82.302001953125,77.04000091552734
2024-01-02,83.20259857177734,75.88999938964844
2024-01-03,83.25700378417969,78.25
2024-01-04,83.31809997558594,77.58999633789062
2024-01-05,83.2406005859375,78.76000213623047
2024-01-08,83.19110107421875,76.12000274658203
2024-01-09,83.05069732666016,77.58999633789062
2024-01-10,83.131103515625,76.80000305175781
2024-01-11,83.02559661865234,77.41000366210938
2024-01-12,83.07610321044922,78.29000091552734
2024-01-16,82.8593978881836,78.29000091552734
2024-01-17,83.08899688720703,77.87999725341797
2024-01-18,83.17759704589844,79.0999984741211
2024-01-19,83.16059875488281,78.55999755859375
2024-01-22,83.12470245361328,80.05999755859375
2024-01-23,83.09510040283203,79.55000305175781
2024-01-24,83.22139739990234,80.04000091552734
2024-01-25,83.09760284423828,82.43000030517578
2024-01-26,83.14610290527344,83.55000305175781
2024-01-29,83.12129974365234,82.4000015258789
2024-01-30,83.1530990600586,82.87000274658203
2024-01-31,83.10970306396484,81.70999908447266
2024-02-01,83.05359649658203,78.69999694824219
2024-02-02,82.92759704589844,77.33000183105469
2024-02-05,82.99929809570312,77.98999786376953
2024-02-06,83.10369873046875,78.58999633789062
2024-02-07,83.07060241699219,79.20999908447266
2024-02-08,83.01260375976562,81.62999725341797
2024-02-09,82.98529815673828,82.19000244140625
2024-02-12,83.0145034790039,82.0
2024-02-13,82.99019622802734,82.7699966430664
2024-02-14,83.07460021972656,81.5999984741211
2024-02-15,83.04309844970703,82.86000061035156
2024-02-16,83.00959777832031,83.47000122070312
2024-02-20,83.02100372314453,82.33999633789062
2024-02-21,82.8291015625,83.02999877929688
2024-02-22,82.93840026855469,83.66999816894531
2024-02-23,82.87229919433594,81.62000274658203
2024-02-26,82.88179779052734,82.52999877929688
2024-02-27,82.85199737548828,83.6500015258789
2024-02-28,82.94819641113281,83.68000030517578
2024-02-29,82.91190338134766,83.62000274658203
2024-03-01,82.910400390625,83.55000305175781
2024-03-04,82.84609985351562,82.80000305175781
2024-03-05,82.9104995727539,82.04000091552734
2024-03-06,82.88480377197266,82.95999908447266
2024-03-07,82.81909942626953,82.95999908447266
2024-03-08,82.7522964477539,82.08000183105469
2024-03-11,82.7520980834961,82.20999908447266
2024-03-12,82.7782974243164,81.91999816894531
2024-03-13,82.83509826660156,84.02999877929688
2024-03-14,82.83110046386719,85.41999816894531
2024-03-15,82.9655990600586,85.33999633789062
2024-03-18,82.88890075683594,86.88999938964844
2024-03-19,82.86360168457031,87.37999725341797
2024-03-20,83.04239654541016,85.94999694824219
2024-03-21,83.05460357666016,85.77999877929688
2024-03-22,83.22660064697266,85.43000030517578
2024-03-25,83.59359741210938,86.75
2024-03-26,83.41739654541016,86.25
2024-03-27,83.34549713134766,86.08999633789062
2024-03-28,83.36499786376953,87.4800033569336
2024-04-01,83.36479949951172,87.41999816894531
2024-04-02,83.40969848632812,88.91999816894531
2024-04-03,83.35030364990234,89.3499984741211
2024-04-04,83.37329864501953,90.6500015258789
2024-04-05,83.47779846191406,91.16999816894533
2024-04-08,83.29679870605469,90.37999725341795
2024-04-09,83.26959991455078,89.41999816894531
2024-04-10,83.22429656982422,90.4800033569336
2024-04-11,83.4126968383789,89.73999786376953
2024-04-12,83.34929656982422,90.4499969482422
2024-04-15,83.61109924316406,90.0999984741211
2024-04-16,83.50599670410156,90.0199966430664
2024-04-17,83.6675033569336,87.29000091552734
2024-04-18,83.5958023071289,87.11000061035156
2024-04-19,83.54499816894531,87.29000091552734
2024-04-22,83.38529968261719,87.0
2024-04-23,83.38619995117188,88.41999816894531
2024-04-24,83.2833023071289,88.0199966430664
2024-04-25,83.3405990600586,89.01000213623047
2024-04-26,83.30180358886719,89.5
2024-04-29,83.40229797363281,88.4000015258789
2024-04-30,83.45110321044922,87.86000061035156
2024-05-01,83.49839782714844,83.44000244140625
2024-05-02,83.40640258789062,83.66999816894531
2024-05-03,83.40630340576172,82.95999908447266
2024-05-06,83.37999725341797,83.33000183105469
2024-05-07,83.4728012084961,83.16000366210938
2024-05-08,83.46990203857422,83.58000183105469
2024-05-09,83.46430206298828,83.87999725341797
2024-05-10,83.45939636230469,82.79000091552734
2024-05-13,83.5248031616211,83.36000061035156
2024-05-14,83.50550079345703,82.37999725341797
2024-05-15,83.52420043945312,82.75
2024-05-16,83.40509796142578,83.2699966430664
2024-05-17,83.47010040283203,83.9800033569336
2024-05-20,83.30039978027344,83.70999908447266
2024-05-21,83.31500244140625,82.87999725341797
2024-05-22,83.31680297851562,81.9000015258789
2024-05-23,83.26709747314453,81.36000061035156
2024-05-24,83.2863998413086,82.12000274658203
2024-05-28,83.14569854736328,84.22000122070312
2024-05-29,83.20649719238281,83.5999984741211
2024-05-30,83.3656005859375,81.86000061035156
2024-05-31,83.3208999633789,81.62000274658203
2024-06-03,83.45079803466797,78.36000061035156
2024-06-04,83.09339904785156,77.5199966430664
2024-06-05,83.62940216064453,78.41000366210938
2024-06-06,83.38079833984375,79.87000274658203
2024-06-07,83.47309875488281,79.62000274658203
2024-06-10,83.52760314941406,81.62999725341797
2024-06-11,83.52980041503906,81.91999816894531
2024-06-12,83.5968017578125,82.5999984741211
2024-06-13,83.5343017578125,82.75
2024-06-14,83.52210235595703,82.62000274658203
2024-06-17,83.55180358886719,84.25
2024-06-18,83.51010131835938,85.33000183105469
2024-06-20,83.41950225830078,85.70999908447266
2024-06-21,83.60160064697266,85.23999786376953
2024-06-24,83.5625,86.01000213623047
2024-06-25,83.46040344238281,85.01000213623047
2024-06-26,83.41459655761719,85.25
2024-06-27,83.58039855957031,86.38999938964844
2024-06-28,83.45089721679688,86.41000366210938
2024-07-01,83.36750030517578,86.5999984741211
2024-07-02,83.44129943847656,86.23999786376953
2024-07-03,83.4791030883789,87.33999633789062
2024-07-05,83.49340057373047,86.54000091552734
2024-07-08,83.47209930419922,85.75
2024-07-09,83.45760345458984,84.66000366210938
2024-07-10,83.49299621582031,85.08000183105469
2024-07-11,83.49590301513672,85.4000015258789
2024-07-12,83.51850128173828,85.02999877929688
2024-07-15,83.52030181884766,84.8499984741211
2024-07-16,83.58760070800781,83.7300033569336
2024-07-17,83.52960205078125,85.08000183105469
2024-07-18,83.57209777832031,85.11000061035156
2024-07-19,83.67430114746094,82.62999725341797
2024-07-22,83.73030090332031,82.4000015258789
2024-07-23,83.67130279541016,81.01000213623047
2024-07-24,83.70680236816406,81.70999908447266
2024-07-25,83.74299621582031,82.37000274658203
2024-07-26,83.73760223388672,81.12999725341797
2024-07-29,83.72779846191406,79.77999877929688
2024-07-30,83.75050354003906,78.62999725341797
2024-07-31,83.73899841308594,80.72000122070312
2024-08-01,83.7177963256836,79.5199966430664
2024-08-02,83.743896484375,76.80999755859375
2024-08-05,83.73529815673828,76.30000305175781
2024-08-06,84.00260162353516,76.4800033569336
2024-08-07,83.93489837646484,78.33000183105469
2024-08-08,83.94239807128906,79.16000366210938
2024-08-09,83.98899841308594,79.66000366210938
2024-08-12,83.94979858398438,82.30000305175781
2024-08-13,83.88999938964844,80.69000244140625
2024-08-14,83.88200378417969,79.76000213623047
2024-08-15,83.97149658203125,81.04000091552734
2024-08-16,83.94830322265625,79.68000030517578
2024-08-19,83.88980102539062,77.66000366210938
2024-08-20,83.87860107421875,77.19999694824219
2024-08-21,83.77940368652344,76.05000305175781
2024-08-22,83.88860321044922,77.22000122070312
2024-08-23,83.94059753417969,79.0199966430664
2024-08-26,83.81379699707031,81.43000030517578
2024-08-27,83.88369750976562,79.55000305175781
2024-08-28,83.92160034179688,78.6500015258789
2024-08-29,83.94149780273438,79.94000244140625
2024-08-30,83.89510345458984,78.80000305175781
2024-09-03,83.92729949951172,73.75
2024-09-04,83.95030212402344,72.69999694824219
2024-09-05,83.98249816894531,72.69000244140625
2024-09-06,83.98359680175781,71.05999755859375
2024-09-09,83.98259735107422,71.83999633789062
2024-09-10,83.98090362548828,69.19000244140625
2024-09-11,83.98200225830078,70.61000061035156
2024-09-12,83.99259948730469,71.97000122070312
2024-09-13,83.93479919433594,71.61000061035156
2024-09-16,83.88480377197266,72.75
2024-09-17,83.88400268554688,73.69999694824219
2024-09-18,83.77059936523438,73.6500015258789
2024-09-19,83.69170379638672,74.87999725341797
2024-09-20,83.61470031738281,74.48999786376953
2024-09-23,83.48709869384766,73.9000015258789
2024-09-24,83.55960083007812,75.16999816894531
2024-09-25,83.56759643554688,73.45999908447266
2024-09-26,83.62409973144531,71.5999984741211
2024-09-27,83.61710357666016,71.9800033569336
2024-09-30,83.71640014648438,71.7699966430664
2024-10-01,83.82730102539062,73.55999755859375
2024-10-02,83.87210083007812,73.9000015258789
2024-10-03,83.91960144042969,77.62000274658203
2024-10-04,84.0093994140625,78.05000305175781
2024-10-07,84.02780151367188,80.93000030517578
2024-10-08,83.96410369873047,77.18000030517578
2024-10-09,83.91459655761719,76.58000183105469
2024-10-10,83.94219970703125,79.4000015258789
2024-10-11,83.94599914550781,79.04000091552734
2024-10-14,84.16829681396484,77.45999908447266
2024-10-15,84.04850006103516,74.25
2024-10-16,84.05619812011719,74.22000122070312
2024-10-17,84.03929901123047,74.44999694824219
2024-10-18,84.05380249023438,73.05999755859375
2024-10-21,84.0687026977539,74.29000091552734
2024-10-22,84.07350158691406,76.04000091552734
2024-10-23,84.08399963378906,74.95999908447266
2024-10-24,84.06759643554688,74.37999725341797
2024-10-25,84.08180236816406,76.05000305175781
2024-10-28,84.10199737548828,71.41999816894531
2024-10-29,84.10279846191406,71.12000274658203
2024-10-30,84.08930206298828,72.55000305175781
2024-10-31,84.08910369873047,73.16000366210938
2024-11-01,84.09149932861328,73.0999984741211
2024-11-04,84.13359832763672,75.08000183105469
2024-11-05,84.15249633789062,75.52999877929688
2024-11-06,84.11630249023438,74.91999816894531
2024-11-07,84.2511978149414,75.62999725341797
2024-11-08,84.306396484375,73.87000274658203
2024-11-11,84.38289642333984,71.83000183105469
2024-11-12,84.39649963378906,71.88999938964844
2024-11-13,84.39530181884766,72.27999877929688
2024-11-14,84.4229965209961,72.55999755859375
2024-11-15,84.47380065917969,71.04000091552734
2024-11-18,84.47750091552734,73.30000305175781
2024-11-19,84.39849853515625,73.30999755859375
2024-11-20,84.39759826660156,72.80999755859375
2024-11-21,84.38310241699219,74.2300033569336
2024-11-22,84.48829650878906,75.16999816894531
2024-11-25,84.43599700927734,73.01000213623047
2024-11-26,84.37750244140625,72.80999755859375
2024-11-27,84.33910369873047,72.83000183105469
2024-11-29,84.47160339355469,72.94000244140625
2024-12-02,84.55699920654297,71.83000183105469
2024-12-03,84.73709869384766,73.62000274658203
2024-12-04,84.68309783935547,72.30999755859375
2024-12-05,84.70700073242188,72.08999633789062
2024-12-06,84.68379974365234,71.12000274658203
2024-12-09,84.66600036621094,72.13999938964844
2024-12-10,84.84729766845703,72.19000244140625
2024-12-11,84.8740005493164,73.5199966430664
2024-12-12,84.85710144042969,73.41000366210938
2024-12-13,84.83920288085938,74.48999786376953
2024-12-16,84.802001953125,73.91000366210938
2024-12-17,84.91729736328125,73.19000244140625
2024-12-18,84.91539764404297,73.38999938964844
2024-12-19,85.16549682617188,72.87999725341797
2024-12-20,85.27940368652344,72.94000244140625
2024-12-23,84.94499969482422,72.62999725341797
2024-12-24,85.0988998413086,73.58000183105469
2024-12-26,85.41339874267578,73.26000213623047
2024-12-27,85.26090240478516,74.16999816894531
2024-12-30,85.38600158691406,74.38999938964844
2024-12-31,85.7865982055664,74.63999938964844
2025-01-02,85.78569793701172,75.93000030517578
2025-01-03,85.80400085449219,76.51000213623047
2025-01-06,85.75900268554688,76.30000305175781
2025-01-07,85.68070220947266,77.05000305175781
2025-01-08,85.80650329589844,76.16000366210938
2025-01-09,85.90750122070312,76.91999816894531
2025-01-10,85.91999816894531,79.76000213623047
2025-01-13,86.18800354003906,81.01000213623047
2025-01-14,86.65059661865234,79.91999816894531
2025-01-15,86.535400390625,82.02999877929688
2025-01-16,86.43099975585938,81.29000091552734
2025-01-17,86.6061019897461,80.79000091552734
2025-01-21,86.21109771728516,79.29000091552734
2025-01-22,86.45189666748047,79.0
2025-01-23,86.47270202636719,78.29000091552734
2025-01-24,86.44020080566406,78.5
2025-01-27,86.2030029296875,77.08000183105469
2025-01-28,86.46839904785156,77.48999786376953
2025-01-29,86.58460235595703,76.58000183105469
2025-01-30,86.6406021118164,76.87000274658203
2025-01-31,86.64700317382812,76.76000213623047
2025-02-03,86.55400085449219,75.95999908447266
2025-02-04,86.94339752197266,76.19999694824219
2025-02-05,87.13009643554688,74.61000061035156
2025-02-06,87.33409881591797,74.29000091552734
2025-02-07,87.58830261230469,74.66000366210938
2025-02-10,87.51309967041016,75.87000274658203
2025-02-11,87.49009704589844,77.0
2025-02-12,86.81120300292969,75.18000030517578
2025-02-13,86.8740005493164,75.0199966430664
2025-02-14,86.75409698486328,74.73999786376953
2025-02-18,86.85479736328125,75.83999633789062
2025-02-19,86.88719940185547,76.04000091552734
2025-02-20,86.872802734375,76.4800033569336
2025-02-21,86.45120239257812,74.43000030517578
2025-02-24,86.52940368652344,74.77999877929688
2025-02-25,86.69010162353516,73.0199966430664
2025-02-26,87.0811996459961,72.52999877929688
2025-02-27,87.16220092773438,74.04000091552734
2025-02-28,87.3270034790039,73.18000030517578
2025-03-03,87.46399688720703,71.62000274658203
2025-03-04,87.32959747314453,71.04000091552734
2025-03-05,87.21700286865234,69.30000305175781
2025-03-06,86.88929748535156,69.45999908447266
2025-03-07,87.12879943847656,70.36000061035156
2025-03-10,87.07379913330078,69.27999877929688
2025-03-11,87.3551025390625,69.55999755859375
2025-03-12,87.20010375976562,70.94999694824219
2025-03-13,87.3405990600586,69.87999725341797
2025-03-14,86.9220962524414,70.58000183105469
2025-03-17,86.93900299072266,71.06999969482422
2025-03-18,86.91639709472656,70.55999755859375
2025-03-19,86.57610321044922,70.77999877929688
2025-03-20,86.33709716796875,72.0
2025-03-21,86.33609771728516,72.16000366210938
2025-03-24,85.98699951171875,73.0
2025-03-25,85.53209686279297,73.0199966430664
2025-03-26,85.59040069580078,73.79000091552734
2025-03-27,86.09539794921875,74.02999877929688
2025-03-28,85.69490051269531,73.62999725341797
2025-03-31,85.53880310058594,74.73999786376953
2025-04-01,85.46810150146484,74.48999786376953
2025-04-02,85.61009979248047,74.94999694824219
2025-04-03,85.65119934082031,70.13999938964844
2025-04-04,85.28289794921875,65.58000183105469
2025-04-07,85.529296875,64.20999908447266
2025-04-08,86.0270004272461,62.81999969482422
2025-04-09,86.435302734375,65.4800033569336
2025-04-10,86.20929718017578,63.33000183105469
2025-04-11,86.2603988647461,64.76000213623047
2025-04-14,86.19300079345703,64.87999725341797
2025-04-15,86.0447998046875,64.66999816894531
2025-04-16,85.72669982910156,65.8499984741211
2025-04-17,85.62049865722656,67.95999908447266
2025-04-22,85.15889739990234,67.44000244140625
2025-04-23,85.2323989868164,66.12000274658203
2025-04-24,85.4999008178711,66.55000305175781
2025-04-25,85.2573013305664,66.87000274658203
2025-04-28,85.38490295410156,65.86000061035156
2025-04-29,85.1603012084961,64.25
2025-04-30,85.1707992553711,63.119998931884766
2025-05-01,84.53119659423828,62.130001068115234
2025-05-02,84.69670104980469,61.290000915527344
2025-05-05,84.52629852294922,60.22999954223633
2025-05-06,84.2208023071289,62.150001525878906
2025-05-07,84.79319763183594,61.119998931884766
2025-05-08,84.81719970703125,62.84000015258789
2025-05-09,86.08219909667969,63.90999984741211
2025-05-12,85.4083023071289,64.95999908447266
2025-05-13,84.9656982421875,66.62999725341797
2025-05-14,85.060302734375,66.08999633789062
2025-05-15,85.48760223388672,64.52999877929688
2025-05-16,85.44490051269531,65.41000366210938
2025-05-19,85.50029754638672,65.54000091552734
2025-05-20,85.37210083007812,65.37999725341797
2025-05-21,85.53610229492188,64.91000366210938
2025-05-22,85.60030364990234,64.44000244140625
2025-05-23,85.97489929199219,64.77999877929688
2025-05-27,85.158203125,64.08999633789062
2025-05-28,85.3604965209961,64.9000015258789
2025-05-29,85.38590240478516,64.1500015258789
2025-05-30,85.36129760742188,63.900001525878906
2025-06-02,85.52429962158203,64.62999725341797
2025-06-03,85.36370086669922,65.62999725341797
2025-06-04,85.70880126953125,64.86000061035156
2025-06-05,85.9041976928711,65.33999633789062
2025-06-06,85.87750244140625,66.47000122070312
2025-06-09,85.7853012084961,67.04000091552734
2025-06-10,85.75599670410156,66.87000274658203
2025-06-11,85.65280151367188,69.7699966430664
2025-06-12,85.46980285644531,69.36000061035156
2025-06-13,85.68840026855469,74.2300033569336
2025-06-16,86.24919891357422,73.2300033569336
2025-06-17,86.10420227050781,76.44999694824219
2025-06-18,86.36270141601562,76.69999694824219
2025-06-20,86.58380126953125,77.01000213623047
2025-06-23,86.5802993774414,71.4800033569336
2025-06-24,86.23300170898438,67.13999938964844
2025-06-25,85.90480041503906,67.68000030517578
2025-06-26,86.006103515625,67.7300033569336
2025-06-27,85.66639709472656,67.7699966430664
2025-06-30,85.4552993774414,67.61000061035156
2025-07-01,85.71399688720703,67.11000061035156
2025-07-02,85.6427993774414,69.11000061035156
2025-07-03,85.69409942626953,68.80000305175781
2025-07-04,85.31909942626953,68.29000091552734
2025-07-07,85.49629974365234,69.58000183105469
2025-07-08,85.89199829101562,70.1500015258789
2025-07-09,85.7073974609375,70.19000244140625
2025-07-10,85.70850372314453,68.63999938964844
2025-07-11,85.73480224609375,70.36000061035156
2025-07-14,85.82129669189453,69.20999908447266
2025-07-15,85.96839904785156,68.70999908447266
2025-07-16,85.99310302734375,68.5199966430664
2025-07-17,85.88520050048828,69.5199966430664
2025-07-18,86.04650115966797,69.27999877929688
2025-07-21,86.14859771728516,69.20999908447266
2025-07-22,86.19529724121094,68.58999633789062
2025-07-23,86.3427963256836,68.51000213623047
2025-07-24,86.39869689941406,69.18000030517578
2025-07-25,86.4302978515625,68.44000244140625
2025-07-28,86.506103515625,70.04000091552734
2025-07-29,86.77760314941406,72.51000213623047
2025-07-30,87.06320190429688,73.23999786376953
2025-07-31,87.714599609375,72.52999877929688
2025-08-01,87.4894027709961,69.66999816894531
2025-08-04,87.24530029296875,68.76000213623047
2025-08-05,87.89330291748047,67.63999938964844
2025-08-06,87.72309875488281,66.88999938964844
2025-08-07,87.76249694824219,66.43000030517578
2025-08-08,87.43319702148438,66.58999633789062
2025-08-11,87.48829650878906,66.62999725341797
2025-08-12,87.66449737548828,66.12000274658203
2025-08-13,87.59559631347656,65.62999725341797
2025-08-14,87.44999694824219,66.83999633789062
2025-08-15,87.69180297851562,65.8499984741211
2025-08-18,87.51280212402344,66.5999984741211
2025-08-19,87.29509735107422,65.79000091552734
2025-08-20,87.0791015625,66.83999633789062
2025-08-21,87.01820373535156,67.66999816894531
2025-08-22,87.29340362548828,67.7300033569336
2025-08-25,87.3301010131836,68.80000305175781
2025-08-26,87.60859680175781,67.22000122070312
2025-08-27,87.60070037841797,68.05000305175781
2025-08-28,87.65910339355469,68.62000274658203
2025-08-29,87.5916976928711,68.12000274658203
2025-09-02,88.00140380859375,69.13999938964844
2025-09-03,87.99829864501953,67.5999984741211
2025-09-04,88.072998046875,66.98999786376953
2025-09-05,88.19290161132812,65.5
2025-09-08,88.1863021850586,66.0199966430664
2025-09-09,87.98049926757812,66.38999938964844
2025-09-10,88.21829986572266,67.48999786376953
2025-09-11,88.05339813232422,66.37000274658203
2025-09-12,88.2676010131836,66.98999786376953
2025-09-15,88.27729797363281,67.44000244140625
2025-09-16,88.12349700927734,68.47000122070312
2025-09-17,87.88459777832031,67.94999694824219
2025-09-18,87.91069793701172,67.44000244140625
2025-09-19,88.20690155029297,66.68000030517578
2025-09-22,88.09919738769531,66.56999969482422
2025-09-23,88.30439758300781,67.62999725341797
2025-09-24,88.80799865722656,69.30999755859375
2025-09-25,88.77860260009766,69.41999816894531
2025-09-26,88.77310180664062,70.12999725341797
2025-09-29,88.67680358886719,67.97000122070312
2025-09-30,88.70449829101562,67.0199966430664
2025-10-01,88.8406982421875,65.3499984741211
2025-10-02,88.68299865722656,64.11000061035156
2025-10-03,88.72019958496094,64.52999877929688
2025-10-06,88.73509979248047,65.47000122070312
2025-10-07,88.72109985351562,65.44999694824219
2025-10-08,88.74259948730469,66.25
2025-10-09,88.7771987915039,65.22000122070312
2025-10-10,88.86540222167969,62.72999954223633
2025-10-13,88.7573013305664,63.31999969482422
2025-10-14,88.66510009765625,62.38999938964844
2025-10-15,88.78250122070312,61.90999984741211
2025-10-16,87.80950164794922,61.060001373291016
2025-10-17,87.9906997680664,61.290000915527344
2025-10-20,88.0022964477539,61.0099983215332
2025-10-21,87.87999725341797,61.31999969482422
2025-10-22,88.00160217285156,62.59000015258789
2025-10-23,87.74030303955078,65.98999786376953
2025-10-24,87.77899932861328,65.94000244140625
2025-10-27,87.8290023803711,65.62000274658203
2025-10-28,88.22209930419922,64.4000015258789
2025-10-29,88.22550201416016,64.91999816894531
2025-10-30,88.34559631347656,65.0
2025-10-31,88.6344985961914,65.06999969482422
2025-11-03,88.77539825439453,64.88999938964844
2025-11-04,88.72339630126953,64.44000244140625
2025-11-05,88.73200225830078,63.52000045776367
2025-11-06,88.55690002441406,63.380001068115234
2025-11-07,88.6729965209961,63.630001068115234
2025-11-10,88.65799713134766,64.05999755859375
2025-11-11,88.70709991455078,65.16000366210938
2025-11-12,88.46649932861328,62.709999084472656
2025-11-13,88.59400177001953,63.0099983215332
2025-11-14,88.81610107421875,64.38999938964844
2025-11-17,88.68199920654297,64.19999694824219
2025-11-18,88.63590240478516,64.88999938964844
2025-11-19,88.55680084228516,63.5099983215332
2025-11-20,88.48719787597656,63.380001068115234
2025-11-21,88.69219970703125,62.560001373291016
2025-11-24,89.63400268554688,63.369998931884766
2025-11-25,89.14779663085938,62.47999954223633
2025-11-26,89.15059661865234,63.130001068115234
2025-11-28,89.36479949951172,63.20000076293945
2025-12-01,89.3499984741211,63.16999816894531
2025-12-02,89.61270141601562,62.45000076293945
2025-12-03,89.91719818115234,62.66999816894531
2025-12-04,90.17050170898438,63.2599983215332
2025-12-05,89.8364028930664,63.75
2025-12-08,89.93800354003906,62.4900016784668
2025-12-09,90.12999725341795,61.93999862670898
2025-12-10,89.91690063476562,62.209999084472656
2025-12-11,89.79299926757812,61.27999877929688
2025-12-12,90.25299835205078,61.119998931884766
2025-12-15,90.5770034790039,60.560001373291016
2025-12-16,90.7769012451172,58.91999816894531
2025-12-17,90.94889831542967,59.68000030517578
2025-12-18,90.4136962890625,59.81999969482422
2025-12-19,90.25579833984376,60.470001220703125
2025-12-22,89.56999969482422,62.06999969482422
2025-12-23,89.60389709472656,62.380001068115234
2025-12-24,89.50789642333984,62.2400016784668
2025-12-26,90.10590362548828,60.63999938964844
2025-12-29,89.82929992675781,61.93999862670898
2025-12-30,89.9000015258789,61.91999816894531
2025-12-31,89.76940155029297,60.84999847412109
2026-01-02,89.96189880371094,60.75
2026-01-05,90.00700378417969,61.7599983215332
2026-01-06,90.23300170898438,60.70000076293945
2026-01-07,90.16609954833984,59.959999084472656
2026-01-08,89.8644027709961,61.9900016784668
2026-01-09,89.90540313720703,63.34000015258789
2026-01-12,90.23600006103516,63.869998931884766
2026-01-13,90.13269805908205,65.47000122070312
2026-01-14,90.27300262451172,66.5199966430664
2026-01-15,90.18319702148438,63.7599983215332
2026-01-16,90.36160278320312,64.12999725341797
2026-01-20,90.90450286865234,64.91999816894531
2026-01-21,91.11840057373048,65.23999786376953
2026-01-22,91.53690338134766,64.05999755859375
2026-01-23,91.55829620361328,65.87999725341797
2026-01-26,91.5009994506836,65.58999633789062
2026-01-27,91.71309661865234,67.56999969482422
2026-01-28,91.5343017578125,68.4000015258789
2026-01-29,92.04080200195312,70.70999908447266
2026-01-30,91.78189849853516,70.69000244140625
2026-02-02,91.68699645996094,66.30000305175781
2026-02-03,90.24559783935548,67.33000183105469
2026-02-04,90.4228973388672,69.45999908447266
2026-02-05,90.125,67.55000305175781
2026-02-06,90.3147964477539,68.05000305175781
2026-02-09,90.58799743652344,69.04000091552734
2026-02-10,90.8227996826172,68.80000305175781
2026-02-11,90.58789825439452,69.4000015258789
2026-02-12,90.73570251464844,67.5199966430664
2026-02-13,90.56410217285156,67.75
2026-02-17,90.78299713134766,67.41999816894531
2026-02-18,90.6261978149414,70.3499984741211
2026-02-19,90.7935028076172,71.66000366210938
2026-02-20,91.04109954833984,71.76000213623047
2026-02-23,90.72660064697266,71.48999786376953
2026-02-24,91.02010345458984,70.7699966430664
2026-02-25,90.91799926757812,70.8499984741211
2026-02-26,90.95099639892578,70.75
2026-02-27,91.00740051269533,72.4800033569336
2026-03-02,91.07959747314452,77.73999786376953
2026-03-03,91.56340026855467,81.4000015258789
2026-03-04,92.00859832763672,81.4000015258789
2026-03-05,92.1230010986328,85.41000366210938
2026-03-06,91.78690338134766,92.69000244140624
2026-03-09,91.93620300292967,98.95999908447266
2026-03-10,91.220703125,87.80000305175781
2026-03-11,92.16510009765624,91.9800033569336
2026-03-12,92.22879791259766,100.45999908447266
2026-03-13,92.38990020751952,103.13999938964844
2026-03-16,92.5635986328125,100.20999908447266
2026-03-17,92.28269958496094,103.41999816894533
2026-03-18,92.39129638671876,107.37999725341795
2026-03-19,93.24659729003906,108.6500015258789
2026-03-20,93.0822982788086,112.19000244140624
2026-03-23,93.89530181884766,99.94000244140624
2026-03-24,93.2436981201172,104.48999786376952
2026-03-25,94.29969787597656,102.22000122070312
2026-03-26,94.6937026977539,108.01000213623048
2026-03-27,94.30950164794922,112.56999969482422
2026-03-30,94.78179931640624,112.77999877929688
2026-03-31,94.35590362548828,118.3499984741211
2026-04-01,93.48429870605467,101.16000366210938
2026-04-02,92.6426010131836,109.02999877929688
2026-04-06,92.97100067138672,109.7699966430664
2026-04-07,92.81659698486328,109.2699966430664
2026-04-08,92.86019897460938,94.75
2026-04-09,92.2748031616211,95.91999816894533
2026-04-10,92.46980285644533,95.1999969482422
2026-04-13,94.50879669189452,99.36000061035156
2026-04-14,94.9468002319336,94.79000091552734
2026-04-15,93.16539764404295,94.93000030517578
2026-04-16,93.38680267333984,99.38999938964844
2026-04-17,93.0478973388672,90.37999725341795
2026-04-20,92.60330200195312,95.4800033569336
2026-04-21,93.12359619140624,98.4800033569336
2026-04-22,93.622802734375,101.91000366210938
2026-04-23,93.80049896240234,105.06999969482422
2026-04-24,94.11289978027344,105.33000183105467
2026-04-27,94.25029754638672,108.2300033569336
2026-04-28,94.2584991455078,111.26000213623048
2026-04-29,94.64550018310548,118.02999877929688
2026-04-30,94.9166030883789,114.01000213623048
2026-05-01,94.75910186767578,108.16999816894533
2026-05-04,94.90299987792967,114.44000244140624
2026-05-05,95.2593994140625,109.87000274658205
2026-05-06,95.18299865722656,101.2699966430664
2026-05-07,94.60800170898438,100.05999755859376
2026-05-08,94.25299835205078,101.29000091552734
2026-05-11,94.42530059814452,104.20999908447266
2026-05-12,95.3914031982422,107.7699966430664
2026-05-13,95.63300323486328,105.62999725341795
2026-05-14,95.69580078125,105.72000122070312
2026-05-15,95.70989990234376,109.26000213623048
2026-05-18,95.97029876708984,112.0999984741211
2026-05-19,96.27020263671876,111.27999877929688
2026-05-20,96.56580352783205,105.0199966430664
2026-05-21,96.5282974243164,102.58000183105467
2026-05-22,96.17389678955078,103.54000091552734
2026-05-26,95.25279998779295,99.58000183105467
2026-05-27,95.90499877929688,94.29000091552734
2026-05-28,96.04889678955078,93.70999908447266
2026-05-29,96.04820251464844,92.0500030517578
2026-06-01,95.00299835205078,94.9800033569336
2026-06-02,95.55139923095705,96.0
2026-06-03,95.26300048828124,97.80999755859376
2026-06-04,96.16449737548828,95.02999877929688
2026-06-05,95.79029846191406,93.08999633789062
2026-06-08,94.95030212402344,94.25
2026-06-09,95.68830108642578,91.4499969482422
2026-06-10,95.36029815673828,93.0999984741211
2026-06-11,95.64450073242188,90.37999725341795
2026-06-12,95.76010131835938,87.33000183105469
2026-06-15,95.11029815673828,83.16999816894531
2026-06-16,94.74169921875,78.95999908447266
2026-06-17,94.88860321044922,79.55000305175781
2026-06-18,94.85890197753906,79.8499984741211
2026-06-22,94.3302993774414,77.9000015258789
2026-06-23,94.70059967041016,77.08000183105469
2026-06-24,95.18370056152344,73.73999786376953
2026-06-25,94.4406967163086,75.26000213623047
2026-06-26,94.40039825439452,71.98999786376953
2026-06-29,94.36029815673828,73.1500015258789
2026-06-30,94.79049682617188,72.91999816894531
2026-07-01,94.91799926757812,71.56999969482422
2026-07-02,95.4175033569336,71.80000305175781
2026-07-06,95.2147979736328,71.98999786376953
2026-07-07,95.60350036621094,74.16000366210938
2026-07-08,95.59339904785156,78.0199966430664
2026-07-09,95.86180114746094,76.30000305175781
2026-07-10,95.39019775390624,76.01000213623047
2026-07-13,95.3249969482422,83.30000305175781
2026-07-14,96.29889678955078,84.7300033569336
2026-07-15,96.42530059814452,84.94999694824219
2026-07-16,96.49859619140624,84.2300033569336
2026-07-17,96.6521987915039,88.0999984741211
2026-07-20,96.28479766845705,89.22000122070312
2026-07-21,96.4896011352539,91.01000213623048
2026-07-22,96.34089660644533,94.06999969482422
